,business,entertainment,politics,sport,tech,accuracy,macro avg,weighted avg
precision,0.9320388349514563,0.961038961038961,0.9620253164556962,0.9532710280373832,0.9367088607594937,0.9483146067415731,0.949016600248598,0.9484234639728081
recall,0.9411764705882353,0.961038961038961,0.9047619047619048,1.0,0.925,0.9483146067415731,0.9463954672778202,0.9483146067415731
f1-score,0.9365853658536586,0.961038961038961,0.9325153374233128,0.9760765550239235,0.9308176100628932,0.9483146067415731,0.9474067658805498,0.9480634001755126
support,102.0,77.0,84.0,102.0,80.0,0.9483146067415731,445.0,445.0
