,business,entertainment,politics,sport,tech,accuracy,macro avg,weighted avg
precision,0.9882352941176471,0.9705882352941176,0.9166666666666666,0.7786259541984732,0.961038961038961,0.9056179775280899,0.9230310222631731,0.9187376591663107
recall,0.8235294117647058,0.8571428571428571,0.9166666666666666,1.0,0.925,0.9056179775280899,0.9044677871148459,0.9056179775280899
f1-score,0.8983957219251337,0.9103448275862068,0.9166666666666666,0.8755364806866952,0.9426751592356688,0.9056179775280899,0.9087237712200743,0.9066329193919056
support,102.0,77.0,84.0,102.0,80.0,0.9056179775280899,445.0,445.0
