,business,entertainment,politics,sport,tech,accuracy,macro avg,weighted avg
precision,0.9473684210526315,0.9493670886075949,0.9156626506024096,0.9444444444444444,0.95,0.9415730337078652,0.9413685209414162,0.9415322264136831
recall,0.8823529411764706,0.974025974025974,0.9047619047619048,1.0,0.95,0.9415730337078652,0.9422281639928698,0.9415730337078652
f1-score,0.9137055837563451,0.9615384615384615,0.9101796407185628,0.9714285714285714,0.9500000000000001,0.9415730337078652,0.9413704514883883,0.9410724386240052
support,102.0,77.0,84.0,102.0,80.0,0.9415730337078652,445.0,445.0
