,business,entertainment,politics,sport,tech,accuracy,macro avg,weighted avg
precision,0.0,0.7012987012987013,0.32142857142857145,0.0,0.603448275862069,0.4606741573033708,0.32523510971786834,0.29050755521115845
recall,0.0,0.7012987012987013,0.9642857142857143,0.0,0.875,0.4606741573033708,0.5081168831168832,0.4606741573033708
f1-score,0.0,0.7012987012987013,0.48214285714285715,0.0,0.7142857142857142,0.4606741573033708,0.3795454545454545,0.3407704654895666
support,102.0,77.0,84.0,102.0,80.0,0.4606741573033708,445.0,445.0
