,business,entertainment,politics,sport,tech,accuracy,macro avg,weighted avg
precision,0.5,0.9473684210526315,1.0,0.6305732484076433,1.0,0.6382022471910113,0.815588333892055,0.7916086286710837
recall,1.0,0.23376623376623376,0.2976190476190476,0.9705882352941176,0.5,0.6382022471910113,0.6003947033358799,0.6382022471910113
f1-score,0.6666666666666666,0.375,0.4587155963302752,0.7644787644787644,0.6666666666666666,0.6382022471910113,0.5863055388284745,0.5993646683188998
support,102.0,77.0,84.0,102.0,80.0,0.6382022471910113,445.0,445.0
