,business,entertainment,politics,sport,tech,accuracy,macro avg,weighted avg
precision,0.9484536082474226,0.96,0.926829268292683,0.9439252336448598,0.9166666666666666,0.9393258426966292,0.9391749553703266,0.9396171544784978
recall,0.9019607843137255,0.935064935064935,0.9047619047619048,0.9901960784313726,0.9625,0.9393258426966292,0.9388967405143877,0.9393258426966292
f1-score,0.9246231155778893,0.9473684210526316,0.9156626506024096,0.9665071770334929,0.9390243902439025,0.9393258426966292,0.9386371509020652,0.9390567913202881
support,102.0,77.0,84.0,102.0,80.0,0.9393258426966292,445.0,445.0
