,business,entertainment,politics,sport,tech,accuracy,macro avg,weighted avg
precision,0.9787234042553191,0.9047619047619048,0.9506172839506173,0.9619047619047619,0.9382716049382716,0.9483146067415731,0.946855791962175,0.9494928536222663
recall,0.9019607843137255,0.987012987012987,0.9166666666666666,0.9901960784313726,0.95,0.9483146067415731,0.9491673032849504,0.9483146067415731
f1-score,0.9387755102040817,0.9440993788819876,0.9333333333333332,0.9758454106280193,0.9440993788819876,0.9483146067415731,0.9472306023858819,0.9481234526052728
support,102.0,77.0,84.0,102.0,80.0,0.9483146067415731,445.0,445.0
