,business,entertainment,politics,sport,tech,accuracy,macro avg,weighted avg
precision,0.9514563106796117,0.9620253164556962,0.9753086419753086,1.0,0.975,0.9730337078651685,0.9727580538221232,0.9731470089490672
recall,0.9607843137254902,0.987012987012987,0.9404761904761905,1.0,0.975,0.9730337078651685,0.9726546982429335,0.9730337078651685
f1-score,0.9560975609756097,0.9743589743589742,0.9575757575757574,1.0,0.975,0.9730337078651685,0.9726064585820682,0.9729976536663301
support,102.0,77.0,84.0,102.0,80.0,0.9730337078651685,445.0,445.0
