,business,entertainment,politics,sport,tech,accuracy,macro avg,weighted avg
precision,1.0,0.9615384615384616,0.7843137254901961,0.864406779661017,0.9594594594594594,0.9011235955056179,0.9139436852298267,0.914263062386109
recall,0.7156862745098039,0.974025974025974,0.9523809523809523,1.0,0.8875,0.9011235955056179,0.9059186401833461,0.9011235955056179
f1-score,0.8342857142857142,0.967741935483871,0.8602150537634408,0.9272727272727274,0.922077922077922,0.9011235955056179,0.902318670576735,0.899369412030521
support,102.0,77.0,84.0,102.0,80.0,0.9011235955056179,445.0,445.0
