,business,entertainment,politics,sport,tech,accuracy,macro avg,weighted avg
precision,0.8921568627450981,1.0,0.868421052631579,0.7669172932330827,0.9367088607594937,0.8719101123595505,0.8928408138738506,0.8856396431271608
recall,0.8921568627450981,0.7142857142857143,0.7857142857142857,1.0,0.925,0.8719101123595505,0.8634313725490197,0.8719101123595505
f1-score,0.8921568627450981,0.8333333333333333,0.825,0.8680851063829788,0.9308176100628932,0.8719101123595505,0.8698785825048606,0.8707342838713752
support,102.0,77.0,84.0,102.0,80.0,0.8719101123595505,445.0,445.0
