,business,entertainment,politics,sport,tech,accuracy,macro avg,weighted avg
precision,0.9019607843137255,0.8933333333333333,0.9066666666666666,0.8031496062992126,0.9696969696969697,0.8831460674157303,0.8949614720619816,0.8908846833369526
recall,0.9019607843137255,0.8701298701298701,0.8095238095238095,1.0,0.8,0.8831460674157303,0.876322892793481,0.8831460674157303
f1-score,0.9019607843137255,0.881578947368421,0.8553459119496856,0.8908296943231442,0.8767123287671234,0.8831460674157303,0.88128553334442,0.8825443835358935
support,102.0,77.0,84.0,102.0,80.0,0.8831460674157303,445.0,445.0
