,business,entertainment,politics,sport,tech,accuracy,macro avg,weighted avg
precision,0.2802197802197802,0.0,0.8275862068965517,1.0,0.0,0.3887640449438202,0.42156119742326637,0.4496621549701751
recall,1.0,0.0,0.5714285714285714,0.22549019607843138,0.0,0.3887640449438202,0.35938375350140056,0.3887640449438202
f1-score,0.43776824034334766,0.0,0.676056338028169,0.368,0.0,0.3887640449438202,0.2963649156743033,0.31230807395368015
support,102.0,77.0,84.0,102.0,80.0,0.3887640449438202,445.0,445.0
