,business,entertainment,politics,sport,tech,accuracy,macro avg,weighted avg
precision,0.9795918367346939,0.9746835443037974,0.975,0.9901960784313726,0.9302325581395349,0.9707865168539326,0.9699408035218798,0.9714328200213347
recall,0.9411764705882353,1.0,0.9285714285714286,0.9901960784313726,1.0,0.9707865168539326,0.9719887955182074,0.9707865168539326
f1-score,0.96,0.9871794871794872,0.951219512195122,0.9901960784313726,0.963855421686747,0.9707865168539326,0.9704900998985458,0.9706599848812371
support,102.0,77.0,84.0,102.0,80.0,0.9707865168539326,445.0,445.0
