,business,entertainment,politics,sport,tech,accuracy,macro avg,weighted avg
precision,0.95,0.9375,0.9743589743589743,0.9807692307692307,0.9156626506024096,0.952808988764045,0.9516581711461229,0.953314893107434
recall,0.9313725490196079,0.974025974025974,0.9047619047619048,1.0,0.95,0.952808988764045,0.9520320855614972,0.952808988764045
f1-score,0.9405940594059405,0.9554140127388535,0.9382716049382716,0.9902912621359222,0.9325153374233127,0.952808988764045,0.9514172553284601,0.9526589294086327
support,102.0,77.0,84.0,102.0,80.0,0.952808988764045,445.0,445.0
