,business,entertainment,politics,sport,tech,accuracy,macro avg,weighted avg
precision,0.96875,0.9736842105263158,0.9404761904761905,0.9622641509433962,0.9397590361445783,0.9573033707865168,0.9569867176180962,0.9575682033670089
recall,0.9117647058823529,0.961038961038961,0.9404761904761905,1.0,0.975,0.9573033707865168,0.9576559714795009,0.9573033707865168
f1-score,0.9393939393939394,0.9673202614379085,0.9404761904761905,0.9807692307692307,0.9570552147239264,0.9573033707865168,0.9570029673602392,0.9570892599219696
support,102.0,77.0,84.0,102.0,80.0,0.9573033707865168,445.0,445.0
