,business,entertainment,politics,sport,tech,accuracy,macro avg,weighted avg
precision,0.9591836734693877,0.9722222222222222,0.9425287356321839,0.864406779661017,0.9857142857142858,0.9370786516853933,0.9448111393398193,0.941341334787997
recall,0.9215686274509803,0.9090909090909091,0.9761904761904762,1.0,0.8625,0.9370786516853933,0.9338700025464732,0.9370786516853933
f1-score,0.9400000000000001,0.9395973154362416,0.95906432748538,0.9272727272727274,0.9200000000000002,0.9370786516853933,0.9371868740388697,0.9370162134363612
support,102.0,77.0,84.0,102.0,80.0,0.9370786516853933,445.0,445.0
