,business,entertainment,politics,sport,tech,accuracy,macro avg,weighted avg
precision,0.6,0.5263157894736842,0.6666666666666666,0.47093023255813954,0.5068493150684932,0.5325842696629214,0.5541524007533967,0.5535036959907491
recall,0.3235294117647059,0.5194805194805194,0.5476190476190477,0.7941176470588235,0.4625,0.5325842696629214,0.5294493251846193,0.5325842696629214
f1-score,0.4203821656050955,0.522875816993464,0.6013071895424836,0.5912408759124087,0.48366013071895425,0.5325842696629214,0.5238932357544812,0.5228080955558811
support,102.0,77.0,84.0,102.0,80.0,0.5325842696629214,445.0,445.0
